INSERT INTO jobs (title, salary) VALUES
('security', 45000),
('cleaner', 30000),
('manager', 50000);

INSERT
	INTO
	tariffs (title,
	cost_per_hour,
	cost_per_day)
VALUES 
('Central',100, 500),
('Museum', 25, 750),
('Residential', 200, 50);

INSERT INTO parkings (address, count_total_places, count_free_places, tarifffid) VALUES 
('Korolevo, 17', 15, 15, 1), ('Petrovka, 38', 10, 10, 1), ('Baumanskaya', 50, 50, 2), ('Yauza, 44', 25, 25, 3), ('Cirulik, 1', 50, 50, 3), ('Clubnaya, 12', 25, 25, 2), ('Pushkingskaya', 20, 20, 2),
('Moscow City', 100, 100, 1), ('Green street', 5, 5, 1), ('Smolenskaya, 45', 10, 10, 2);

INSERT INTO parking_meters (gate_number, parkingfid) VALUES (1, 1), (2, 1), (1, 2), (1, 3), (2, 3), (3, 3), (1, 4), (1, 5), (1, 6), (1, 7), (1, 8), (2, 8), (3, 8), (4, 8), (1, 9), (1, 10);

INSERT INTO employees (first_name, last_name, jobfid, parkingfid) VALUES 
('Светозар', 'Андреева',  1,  1),
('Марфа', 'Константинов',  1,  1),
('Эмиль', 'Белякова',  2,  2),
('Нинель', 'Мартынов',  3,  3),
('Ефим', 'Молчанов',  2,  4),
('Зоя', 'Коновалов',  2,  5),
('Максим', 'Миронова',  1,  6),
('Эраст', 'Быкова',  1,  7),
('Симон', 'Ширяева',  1,  8),
('Тимур', 'Субботина',  2,  9),
('Владилен', 'Вишнякова',  3,  10),
('Сократ', 'Елисеев',  3,  10),
('Гедеон', 'Андреева',  3,  4),
('Христофор', 'Ковалева',  2,  5),
('Вышеслав', 'Виноградова',  1,  2),
('Гремислав', 'Емельянова',  1,  7),
('Маргарита', 'Матвеева',  1,  6),
('Ладимир', 'Емельянова',  2,  3),
('Мстислав', 'Зимин',  3,  9);


INSERT INTO subscriptions (title, cost_, discount, period_, grace_hours) VALUES 
('Standart', 0, 0, '1000 year', 0),
('Gold', 1000, 0.2, '1 year', 1),
('Premium', 5000, 0.3, '6 month', 2);

INSERT INTO auto_owners (first_name, last_name, account, login, password_, date_subscription_expire, subscriptionfid) VALUES
('Станимир', 'Беляков', 3872, 'aputz', 'QZBkQqA26b', '2024-08-01', 2),
('Иван', 'Лазарев', 3741, 'corinnegarcia', 'tBr8qaRady', '2024-12-20', 3),
('Ерофей', 'Захарова', 14641, 'fkuzmina', '853fDLFs0h', '2024-12-16', 2),
('Осип', 'Лукина', 4647, 'jhartmann', 'pjCrbmEFCX', '3999-01-01', 1),
('Эмиль', 'Морозова', 13322, 'matve2006', 'lmw079OFQG', '2024-10-02', 3),
('Максимильян', 'Прохоров', 2735, 'rebecca34', 'JWCCziAGyx', '3999-01-01', 1),
('Лариса', 'Наумов', 1863, 'mechthilde17', 'zhZH2u2kZB', '2025-04-14', 3),
('Ульян', 'Гусев', 10721, 'xperez', 'gv4GxI4s0x', '3999-01-01', 1),
('Марк', 'Журавлев', 5621, 'morelandree', 'RDfWaQptEa', '2025-01-20', 3),
('Эммануил', 'Зыкова', 8567, 'nikanor85', 'fLsxQMKiAd', '3999-01-01', 1),
('Мартын', 'Макаров', 5583, 'edrozdov', 'IMwGR6NUA2', '2024-06-04', 2),
('Онуфрий', 'Ситникова', 1947, 'margueriteparent', 'sBgelBnnvp', '3999-01-01', 1),
('Прокофий', 'Одинцов', 9092, 'anoukgimenez', 'eVBcMEoPrm', '3999-01-01', 1),
('Рюрик', 'Лихачева', 6642, 'margaretcoulon', 'zypFrSpM5Y', '3999-01-01', 1),
('Владимир', 'Лазарева', 10349, 'zoebertin', '1Z5N4Qrlfi', '2024-12-08', 3),
('Варфоломей', 'Дементьев', 9071, 'nguyenkelly', 'CJp4cb23MW', '3999-01-01', 1),
('Фока', 'Савина', 11071, 'atrommler', 'vF5tGOWuST', '2024-12-03', 3),
('Марфа', 'Козлова', 11003, 'vschuchhardt', 'J6ES0liTGG', '2024-09-18', 2),
('Зосима', 'Прохоров', 12587, 'kozlovadarja', 'RvpMQvRToy', '3999-01-01', 1),
('Чеслав', 'Григорьев', 1164, 'izmailsharapov', 'RTJIUD0r5Q', '2025-01-26', 3),
('Виктория', 'Мартынов', 11061, 'paulina73', 'gwYXP6tC4M', '3999-01-01', 1),
('Гостомысл', 'Исакова', 2745, 'stephanefabre', 'Q7VJBxresx', '2024-10-01', 2),
('Сильвестр', 'Мартынова', 6994, 'ostromir_1972', 'vAToFbGg0Q', '3999-01-01', 1),
('Авдей', 'Третьякова', 4271, 'jorge83', 'rA7HyZM6OY', '2024-07-07', 3),
('Рюрик', 'Федосеев', 10263, 'xayala', 'Vqn7KJ0a0I', '2025-04-04', 3),
('Глеб', 'Шубина', 14869, 'bpayet', 'htg8QzYUox', '2024-12-02', 2),
('Осип', 'Сысоева', 7900, 'xcowan', '9NvzrMcFs9', '2024-12-17', 2),
('Поликарп', 'Калашников', 10684, 'gabriel37', '37qy0jBHbG', '2025-02-27', 3),
('Евгений', 'Мельникова', 8448, 'braginaakulina', 'rO9Gsj2VZ7', '3999-01-01', 1),
('Лукия', 'Шилова', 13886, 'kristyhartman', '2KmxwRSsaK', '3999-01-01', 1),
('Гостомысл', 'Королев', 7731, 'heinz-josef42', 'SZsypzHkEm', '3999-01-01', 1),
('Чеслав', 'Виноградов', 1501, 'adrienne22', 'uiWlVegvmt', '2025-01-24', 3),
('Анастасия', 'Бобылева', 11350, 'andersjoerg', 'OByNNkTu2f', '2025-03-24', 3),
('Ким', 'Воронцова', 12354, 'adelaide86', 'V5GA67Fi1X', '2025-04-24', 2),
('Ермолай', 'Некрасова', 5356, 'brittawohlgemut', 'r7Fsr66wpK', '2024-09-19', 3),
('Агафон', 'Колобова', 1954, 'francoise63', 'L7s0LcXxGo', '2024-07-25', 2),
('Флорентин', 'Архипова', 8794, 'lpichon', 'uSB6UPZTxi', '3999-01-01', 1),
('Яков', 'Кулакова', 8954, 'vadimsidorov', 'rb2RHj5eeJ', '2025-01-23', 3),
('Измаил', 'Абрамова', 4880, 'lavrenti_23', 'NR6Efrcl8b', '3999-01-01', 1);


INSERT INTO cars (car_number, model) VALUES 
('X778MA49', 'Lexus'),
('X178EH51', 'Honda'),
('C393HP9', 'Nissan'),
('K656MP12', 'Hyundai'),
('P957EA6', 'Chevrolet'),
('B660YP9', 'Mercedes-Benz'),
('X555ME60', 'Mazda'),
('C003KK63', 'Honda'),
('H407KP44', 'Hyundai'),
('B668AA1', 'Honda'),
('K089EY6', 'Mercedes-Benz'),
('C099TA63', 'Toyota'),
('O461KH40', 'Honda'),
('O290YM73', 'Volvo'),
('X619OK78', 'Ford'),
('M968OY37', 'Toyota'),
('H833AA54', 'Subaru'),
('A852KA5', 'Toyota'),
('A258TY15', 'Audi'),
('M056HO19', 'BMW'),
('P077MM17', 'Mazda'),
('E731TT53', 'Subaru'),
('K789TB72', 'Volvo'),
('X417EC77', 'Volkswagen'),
('E297HK22', 'BMW'),
('K674YY88', 'Ford'),
('A255XX20', 'Lexus'),
('E368EE58', 'Hyundai'),
('H289PX85', 'Lexus'),
('M809HA86', 'Toyota'),
('A500AY58', 'Volkswagen'),
('Y717HC50', 'Chevrolet'),
('A536MH21', 'BMW'),
('M265YO81', 'Ford'),
('O442HO75', 'Ford'),
('X606CC1', 'Mazda'),
('B458BC11', 'BMW'),
('X242CX62', 'Audi'),
('O886AM4', 'Mercedes-Benz'),
('C091TK33', 'Volvo'),
('X145YK41', 'Mercedes-Benz'),
('P361TA31', 'Subaru'),
('X047XY52', 'Ford'),
('H140MX58', 'Honda'),
('M252CP11', 'Mazda'),
('E631MB9', 'Volvo'),
('Y159TK88', 'Nissan'),
('B939KP6', 'Mercedes-Benz'),
('B517KT2', 'Hyundai'),
('K310BT12', 'BMW'),
('Y204MO73', 'Hyundai'),
('M522EM18', 'Ford'),
('K172KY33', 'Volvo'),
('T245AT59', 'Chevrolet'),
('C924OT69', 'Nissan'),
('Y507XM19', 'BMW'),
('O053XK79', 'Mazda'),
('C709YO52', 'Mercedes-Benz'),
('H362PK83', 'Volvo');

INSERT INTO auto_owner_cars (auto_ownerfid, car_number) VALUES 
(40, 'X178EH51'),
(41, 'C393HP9'),
(42, 'K656MP12'),
(43, 'P957EA6'),
(44, 'B660YP9'),
(45, 'X555ME60'),
(46, 'C003KK63'),
(47, 'H407KP44'),
(48, 'B668AA1'),
(49, 'K089EY6'),
(50, 'C099TA63'),
(51, 'O461KH40'),
(52, 'O290YM73'),
(53, 'X619OK78'),
(54, 'M968OY37'),
(55, 'H833AA54'),
(56, 'A852KA5'),
(57, 'A258TY15'),
(58, 'M056HO19'),
(59, 'P077MM17'),
(60, 'E731TT53'),
(61, 'K789TB72'),
(62, 'X417EC77'),
(63, 'E297HK22'),
(64, 'K674YY88'),
(65, 'A255XX20'),
(66, 'E368EE58'),
(67, 'H289PX85'),
(68, 'M809HA86'),
(69, 'A500AY58'),
(70, 'Y717HC50'),
(71, 'A536MH21'),
(72, 'M265YO81'),
(73, 'O442HO75'),
(74, 'X606CC1'),
(75, 'B458BC11'),
(76, 'X242CX62'),
(77, 'O886AM4'),
(78, 'C091TK33'),
(44, 'X145YK41'),
(51, 'P361TA31'),
(69, 'X047XY52'),
(42, 'H140MX58'),
(54, 'M252CP11'),
(77, 'E631MB9'),
(72, 'Y159TK88'),
(78, 'B939KP6'),
(56, 'B517KT2'),
(48, 'K310BT12'),
(54, 'Y204MO73'),
(65, 'M522EM18'),
(55, 'K172KY33'),
(58, 'T245AT59'),
(61, 'C924OT69'),
(62, 'Y507XM19'),
(43, 'O053XK79'),
(50, 'C709YO52'),
(41, 'H362PK83');
