start_date;finish_date;is_active;parkingfid;auto_ownerfid
2020-05-03 00:41:18;2023-09-06 19:13:03;False;67;32
2020-02-08 09:58:01;2020-07-06 07:14:07;False;16;2
2021-10-31 09:18:45;2024-03-18 04:35:11;False;18;49
2020-05-31 13:06:05;2023-09-04 06:25:04;False;66;11
2022-07-04 04:35:59;2023-12-03 07:29:53;False;44;45
2020-03-08 06:31:10;2023-01-28 17:08:39;False;20;94
2021-04-20 19:52:41;2022-11-12 18:08:46;False;89;82
2023-08-16 20:19:18;2023-11-06 03:04:02;False;75;39
2023-03-05 17:15:42;2024-03-29 21:00:48;False;95;92
2020-06-04 16:21:18;2022-08-05 02:59:36;False;88;31
2021-07-23 13:00:02;2022-08-15 05:37:34;False;96;63
2021-09-29 13:12:17;2023-06-10 00:41:20;False;76;48
2021-03-02 23:22:09;2022-02-06 20:26:31;False;67;88
2023-01-01 23:53:12;2024-05-05 22:12:10;False;92;27
2020-05-03 00:29:14;2021-12-03 03:54:12;True;15;9
2023-03-19 22:20:44;2023-05-10 17:36:02;True;30;18
2022-03-07 02:02:55;2023-10-09 01:25:40;False;94;68
2022-05-19 19:24:31;2023-06-25 21:18:59;False;14;75
2021-07-28 11:24:38;2023-10-22 23:54:45;False;82;55
2022-02-14 05:59:36;2024-04-11 22:43:46;False;24;46
2020-08-01 10:14:40;2022-01-11 07:10:04;True;48;44
2022-07-28 15:46:58;2024-01-19 05:44:38;False;35;93
2023-09-03 07:53:05;2024-05-13 12:30:49;False;93;9
2024-02-12 18:55:57;2024-02-17 04:17:46;False;81;89
2020-05-10 11:13:39;2023-11-10 04:27:25;True;10;52
2021-10-18 00:40:02;2023-08-19 01:46:49;False;87;69
2020-03-31 15:28:42;2020-12-06 03:47:10;False;71;40
2021-03-06 11:32:12;2022-10-18 09:16:39;False;86;69
2021-03-31 07:36:14;2021-07-14 23:23:15;False;95;21
2024-01-21 16:57:53;2024-01-30 05:31:50;False;25;77
2023-06-27 01:01:29;2024-02-13 13:48:38;False;79;91
2022-01-19 14:28:08;2023-01-12 04:33:11;True;79;69
2020-07-02 11:55:22;2020-10-04 08:03:49;False;17;42
2021-11-12 18:55:01;2022-10-19 16:37:39;False;71;62
2020-01-02 14:08:48;2020-09-07 04:15:26;False;92;31
2020-09-05 07:33:27;2022-10-31 23:11:23;False;59;32
2022-03-15 13:50:23;2024-01-28 09:23:51;False;5;73
2022-11-08 00:03:40;2022-12-19 18:11:33;False;21;79
2020-01-17 16:41:27;2021-04-18 22:40:21;False;80;35
2020-06-10 02:57:34;2023-03-20 04:17:00;False;21;8
2022-09-14 22:59:48;2024-04-30 12:40:26;False;58;39
2023-05-18 10:57:20;2023-11-05 17:52:08;False;36;93
2020-04-26 11:19:12;2021-10-29 00:04:43;False;57;51
2022-03-02 21:46:19;2023-09-11 03:13:32;False;80;61
2024-02-14 07:18:26;2024-03-30 21:01:55;True;67;50
2023-07-18 05:55:14;2024-05-30 04:12:10;True;97;47
2022-11-10 23:44:41;2024-01-07 23:43:15;False;57;6
2023-12-06 00:53:28;2024-02-06 06:11:01;False;86;26
2022-11-29 00:47:56;2023-02-14 03:50:29;False;59;35
2020-07-25 22:20:36;2023-05-13 17:36:53;False;68;97
2023-03-06 06:13:08;2024-02-14 01:54:35;True;31;87
2022-01-10 07:05:09;2022-06-28 04:14:56;False;93;68
2021-03-06 09:40:00;2022-08-19 09:29:35;False;34;8
2022-01-27 04:08:06;2022-07-28 19:12:20;False;24;81
2020-04-17 19:51:22;2020-06-16 14:26:46;False;79;67
2023-03-19 13:44:08;2024-02-06 16:36:17;False;85;97
2023-11-30 14:14:07;2024-01-21 16:36:01;False;37;16
2021-10-16 16:48:59;2024-03-11 00:27:00;False;97;39
2021-05-12 06:36:01;2021-08-01 20:15:15;False;20;9
2024-02-22 07:57:30;2024-02-29 08:17:38;True;12;47
2020-07-19 14:55:08;2022-07-19 23:11:09;False;53;35
2023-12-26 16:21:42;2024-01-16 14:26:36;False;88;9
2022-05-22 05:05:32;2023-04-09 17:00:00;False;70;65
2022-04-25 16:49:38;2022-04-28 02:17:24;False;18;61
2022-10-20 16:28:26;2024-02-11 23:11:58;False;91;94
2022-01-27 08:56:43;2024-02-18 10:39:19;False;87;81
2024-05-30 22:40:27;2024-05-30 22:47:09;False;69;24
2022-08-09 08:51:49;2023-07-29 07:34:00;False;23;39
2020-10-30 01:04:08;2022-11-21 04:41:31;False;66;48
2021-09-17 03:38:38;2022-06-28 01:27:04;False;20;65
2023-01-08 03:11:27;2023-09-06 19:05:09;False;30;7
2023-03-06 10:49:24;2023-10-03 17:20:43;False;99;60
2023-09-16 03:00:12;2023-10-21 11:44:04;False;55;94
2021-01-22 03:19:43;2021-03-02 04:38:53;False;57;83
2021-12-19 13:32:25;2023-04-23 04:59:16;False;27;92
2024-02-02 00:32:49;2024-05-06 04:11:18;True;31;96
2021-07-07 17:11:24;2022-08-19 23:25:21;False;71;72
2021-07-08 11:54:31;2021-10-22 00:50:45;False;47;82
2020-12-16 23:24:32;2021-05-20 02:30:28;False;77;54
2023-02-06 15:02:16;2023-02-12 03:49:24;True;35;34
2020-05-16 12:17:56;2021-01-04 17:04:42;False;52;2
2021-12-14 21:10:03;2022-12-13 19:40:53;False;68;70
2023-01-31 20:38:10;2023-07-30 06:52:10;False;25;48
2022-07-17 23:07:08;2024-04-30 13:06:24;False;84;38
2022-05-14 08:34:07;2023-09-27 20:12:23;False;53;64
2023-05-10 23:46:57;2023-12-21 15:45:52;False;66;40
2023-11-15 20:19:53;2023-11-21 16:04:44;False;31;89
2021-01-23 04:41:42;2023-09-09 02:48:26;False;58;39
2024-03-22 05:53:14;2024-04-10 06:04:33;False;48;27
2021-04-24 15:54:22;2021-08-15 15:05:37;False;23;10
2024-03-24 17:29:47;2024-05-05 01:55:10;False;37;96
2022-02-18 16:58:14;2022-11-30 12:19:25;False;34;67
2023-01-12 11:23:35;2024-01-20 10:24:34;False;39;41
2023-08-13 09:58:46;2023-09-29 20:43:34;False;95;29
2020-07-29 20:21:09;2021-11-10 04:32:16;False;33;56
2024-02-19 08:33:39;2024-05-23 03:23:12;False;22;4
2023-07-09 23:29:08;2024-01-21 21:05:03;False;84;44
2023-12-19 08:18:58;2024-05-19 05:16:02;False;24;18
2023-03-19 05:23:03;2023-04-13 10:18:04;False;99;84
2023-10-19 05:17:51;2024-02-27 09:31:04;False;77;94
2021-11-11 04:40:14;2022-01-07 15:11:03;False;24;6
2020-08-04 02:53:11;2023-10-05 12:32:49;False;16;24
2020-09-22 08:56:40;2024-03-27 17:20:57;False;89;27
2022-06-12 21:59:41;2024-02-08 20:08:04;False;73;53
2023-02-04 16:24:09;2023-05-07 22:26:32;False;38;89
2022-05-31 04:21:55;2023-12-02 21:17:37;False;83;47
2022-02-23 04:44:10;2023-05-15 01:36:38;False;72;85
2021-09-13 10:44:44;2021-11-27 01:19:29;False;86;46
2021-07-27 10:56:09;2022-04-15 11:41:51;False;27;41
2021-04-19 10:33:10;2022-03-18 21:35:32;False;12;14
2021-03-16 22:41:55;2024-04-21 19:22:39;False;34;60
2022-01-05 20:45:46;2023-08-24 09:39:08;False;78;22
2024-04-16 20:25:29;2024-05-02 09:00:08;False;77;1
2021-04-11 02:21:08;2021-07-12 15:19:18;True;9;47
2020-05-03 05:58:45;2022-05-23 10:58:00;False;42;35
2022-08-02 02:22:07;2023-07-01 14:01:38;False;50;27
2020-01-19 11:28:04;2024-04-27 14:26:11;False;42;43
2023-05-27 20:18:12;2024-05-26 23:56:05;False;59;3
2021-03-30 09:53:06;2022-05-30 10:30:17;False;57;52
2020-03-10 01:24:21;2023-06-01 02:37:41;False;1;80
2020-06-09 19:40:13;2020-07-08 03:53:07;False;15;45
2020-05-23 02:21:02;2023-12-22 15:48:50;False;56;16
2022-08-04 02:54:51;2023-04-26 19:33:02;False;48;2
2020-08-04 04:50:35;2023-03-21 12:43:56;False;60;58
2021-09-17 08:16:48;2024-04-06 14:56:27;False;72;52
2022-09-09 13:03:03;2023-12-13 09:12:19;False;6;21
2024-01-02 07:31:39;2024-05-17 09:37:42;False;98;43
2021-10-08 15:03:46;2022-07-11 02:28:23;False;76;15
2023-06-26 16:23:42;2023-07-10 01:05:24;False;11;53
2022-11-21 21:54:31;2022-12-19 00:02:06;True;78;91
2021-01-19 12:05:16;2021-04-16 15:18:42;False;33;65
2021-09-29 08:13:23;2023-01-30 20:28:43;False;55;18
2024-03-12 17:46:55;2024-04-16 05:53:56;False;19;69
2022-05-27 12:36:41;2023-07-13 18:02:11;False;94;2
2022-04-27 22:26:56;2023-05-19 01:41:58;False;22;38
2021-01-26 07:58:53;2023-01-01 16:49:16;False;92;88
2023-07-10 12:46:58;2024-01-27 09:41:58;True;8;67
2023-03-04 15:55:16;2023-07-15 21:03:03;False;23;48
2020-11-23 17:57:37;2020-12-22 15:55:59;False;3;93
2020-01-31 19:32:16;2024-01-26 07:46:12;False;73;64
2024-01-28 19:08:20;2024-02-09 15:48:34;False;53;48
2020-10-16 19:42:41;2021-04-24 12:35:43;False;1;71
2020-10-04 14:21:52;2021-01-24 01:33:41;False;53;15
2023-05-16 20:43:18;2023-09-03 18:50:33;False;15;70
2020-02-17 19:11:07;2022-11-05 12:34:27;False;31;4
2023-07-27 07:04:06;2023-10-06 08:21:16;False;80;5
2020-02-28 05:08:21;2023-02-21 01:57:39;False;53;33
2021-05-15 19:00:49;2021-11-28 23:46:19;False;52;21
2024-01-15 00:17:40;2024-03-04 14:38:27;False;42;48
2020-11-13 09:30:33;2022-12-10 15:07:51;False;84;21
2022-04-22 09:38:49;2024-01-05 05:40:27;False;8;86
2022-06-07 15:36:06;2022-12-10 16:52:32;False;45;44
2023-01-31 13:06:47;2023-07-14 13:22:11;False;15;45
2022-07-17 06:49:20;2023-03-02 00:35:28;False;53;100
2023-09-17 23:41:43;2024-02-12 23:56:51;False;7;42
2020-11-09 08:56:39;2021-06-04 07:11:19;False;73;83
2022-05-01 02:58:36;2023-10-13 17:56:52;False;99;37
2022-11-20 01:46:42;2023-04-16 10:05:08;False;100;83
2024-03-10 11:06:28;2024-04-18 03:30:21;False;54;48
2022-12-23 16:41:21;2023-07-10 16:31:57;False;22;30
2023-01-30 22:17:18;2023-03-01 21:45:31;False;99;45
2020-03-02 07:34:34;2020-03-14 03:06:06;False;67;60
2020-04-22 15:04:05;2022-06-02 20:34:45;False;70;65
2022-08-14 00:09:57;2024-05-23 11:08:12;False;95;59
2022-09-12 04:20:02;2024-02-26 14:45:48;True;56;32
2020-02-28 17:52:33;2022-05-28 03:13:27;False;39;58
2020-10-10 18:29:52;2020-11-11 13:52:23;False;47;43
2023-07-01 20:28:35;2023-10-14 01:47:43;False;2;81
2022-08-21 09:57:29;2022-10-31 17:18:11;False;9;71
2023-10-02 17:58:57;2024-03-27 06:49:54;False;58;99
2021-10-19 05:40:21;2022-12-24 23:58:34;False;75;23
2021-07-23 03:38:37;2023-12-08 16:12:29;True;8;40
2021-02-08 04:07:44;2021-05-31 10:39:08;False;17;63
2021-12-18 00:01:07;2024-05-22 04:19:49;False;77;31
2024-02-07 01:38:16;2024-02-23 03:05:35;False;83;12
2023-04-25 07:37:41;2024-02-03 22:46:35;False;84;52
2021-09-24 04:47:52;2022-07-07 21:48:11;False;60;65
2022-05-15 07:03:17;2023-04-07 11:54:41;False;24;65
2021-05-16 01:07:48;2023-10-04 18:32:31;False;67;64
2023-02-10 04:00:47;2023-12-16 13:57:06;False;57;45
2023-07-27 10:55:25;2023-10-30 04:21:56;False;23;11
2020-07-01 14:17:07;2020-08-26 04:13:39;False;6;58
2023-08-13 03:26:09;2023-11-29 17:42:58;True;91;20
2024-05-28 17:27:41;2024-05-29 01:56:55;False;76;59
2022-10-16 11:08:53;2023-07-12 14:52:29;False;94;100
2023-10-12 14:53:20;2023-12-07 02:49:35;False;88;66
2023-03-16 01:12:26;2024-01-21 16:53:58;False;62;29
2021-09-30 06:00:08;2023-12-26 08:00:46;False;14;3
2022-04-11 23:57:05;2022-08-31 23:59:39;False;96;86
2024-03-01 06:24:17;2024-03-01 19:28:42;False;69;95
2020-01-20 07:09:30;2020-08-01 07:22:23;False;41;98
2022-08-02 05:54:56;2022-08-25 00:44:43;False;29;51
2023-05-15 18:56:13;2024-01-27 12:11:05;True;66;37
2023-01-24 16:14:48;2023-05-18 15:00:36;True;81;22
2023-04-06 09:07:24;2023-10-07 00:58:38;False;21;9
2021-05-17 02:53:58;2022-06-14 01:58:50;True;51;76
2024-01-03 05:38:44;2024-02-29 22:21:53;False;64;2
2021-01-10 08:41:33;2021-06-13 16:41:39;False;70;60
2023-12-14 00:37:48;2023-12-20 18:40:20;False;13;100
2020-08-22 00:09:20;2020-08-25 16:55:32;False;18;13
2023-07-26 20:18:42;2023-08-28 08:03:46;False;96;75
2024-03-14 16:52:12;2024-04-04 08:16:02;False;89;5
2023-03-26 19:12:44;2023-04-02 18:44:42;False;61;8
2021-12-28 03:05:43;2022-10-24 14:35:22;False;97;20
2022-03-06 10:21:34;2022-09-12 16:23:59;True;81;24
2022-04-23 06:50:26;2022-09-03 23:48:07;False;3;27
2021-04-04 19:16:08;2023-10-11 00:36:51;False;50;2
2023-01-24 19:13:56;2023-03-01 15:32:20;False;31;43
2020-03-07 13:56:59;2022-09-17 21:06:17;False;55;78
2021-06-05 02:28:14;2022-04-10 15:03:27;True;45;36
2021-01-13 23:28:30;2023-04-04 05:10:33;False;68;86
2022-06-04 06:23:45;2024-05-11 18:09:44;False;52;33
2021-12-14 06:39:48;2023-11-10 04:18:20;False;48;44
2022-01-02 09:21:43;2023-11-29 04:17:21;False;55;29
2021-05-06 07:56:58;2024-04-27 22:55:30;False;17;14
2023-07-16 10:17:10;2023-10-27 08:04:47;False;7;40
2023-04-23 12:56:17;2023-05-17 13:35:09;True;14;50
2023-10-16 04:12:58;2023-12-22 22:05:31;False;12;51
2023-04-23 01:35:24;2023-06-18 16:45:21;False;53;89
2023-09-05 04:47:28;2023-11-30 01:32:24;False;39;13
2023-01-10 06:41:44;2023-07-19 23:23:20;False;25;5
2024-01-18 16:57:43;2024-03-13 22:11:21;False;67;43
2020-04-07 17:53:56;2021-12-19 21:24:05;False;59;34
2022-02-14 11:28:06;2023-02-14 08:12:27;False;72;45
2021-12-18 14:49:38;2022-08-09 22:38:06;False;56;49
2022-11-27 02:54:52;2023-03-28 16:32:31;False;100;24
2020-04-27 19:23:06;2024-04-12 07:58:36;False;96;49
2021-01-31 04:51:48;2022-04-09 04:32:38;False;47;89
2020-09-22 01:25:02;2021-10-29 10:52:44;False;72;52
2022-10-04 13:35:08;2023-09-03 05:43:51;False;86;12
2021-12-25 17:26:01;2024-01-29 14:41:07;False;55;82
2023-11-14 11:49:45;2023-11-20 02:36:14;False;92;79
2021-11-29 15:57:27;2023-08-20 16:08:59;False;85;72
2023-02-06 01:55:27;2023-11-10 22:57:12;False;63;70
2023-10-18 07:47:31;2023-10-20 06:17:01;True;56;70
2022-11-14 10:22:15;2023-07-01 01:04:32;False;82;65
2020-04-26 06:19:06;2020-11-20 14:20:35;False;2;32
2022-07-14 13:30:33;2024-01-14 00:46:27;False;10;49
2023-10-02 12:49:59;2024-05-01 00:11:59;False;94;24
2021-10-31 00:21:30;2022-08-28 05:42:59;False;34;9
2022-03-03 06:44:47;2024-05-29 16:04:00;False;7;92
2021-01-07 12:48:36;2023-12-19 01:15:47;False;6;23
2023-07-26 04:49:42;2024-05-03 16:36:00;False;29;84
2022-07-25 01:46:27;2022-11-06 19:07:13;False;14;15
2021-08-08 17:40:46;2023-07-16 05:54:53;False;10;94
2021-01-02 07:43:32;2023-09-12 08:50:06;False;55;66
2021-03-19 10:03:58;2024-01-16 05:11:47;False;33;50
2020-07-15 00:36:01;2023-10-27 16:37:45;False;71;46
2021-12-22 19:21:06;2024-04-27 19:14:03;False;3;81
2023-10-13 22:16:42;2024-04-08 00:42:02;False;26;42
2021-06-09 21:35:28;2024-04-26 21:45:56;False;19;54
2023-03-09 11:10:33;2024-01-01 02:47:28;False;39;71
2024-04-25 10:59:26;2024-05-29 15:26:06;False;52;42
2022-03-12 19:54:48;2024-05-28 16:34:36;False;82;87
2022-03-16 01:26:37;2023-01-13 20:04:22;True;47;84
2022-03-18 18:36:53;2022-11-06 07:21:52;False;63;60
2021-12-24 02:44:58;2023-04-21 09:12:07;False;14;29
2023-01-23 04:35:53;2023-07-06 03:40:45;False;68;22
2020-05-16 04:46:32;2022-06-13 02:10:23;False;64;44
2020-03-21 19:39:48;2024-04-22 06:50:25;False;12;14
2021-09-07 17:31:19;2021-10-02 13:22:36;False;29;98
2020-08-13 22:53:35;2023-07-09 10:56:16;False;13;83
2023-08-09 11:43:30;2023-09-15 01:55:26;False;82;11
2021-08-01 20:40:14;2023-07-02 20:48:45;False;18;88
2023-11-28 00:18:35;2024-02-05 14:30:03;False;46;70
2022-06-27 22:21:43;2023-04-08 12:50:02;False;91;77
2023-07-29 07:19:18;2024-04-03 07:33:45;False;73;52
2020-11-03 06:28:24;2021-08-07 14:52:52;False;2;18
2021-10-15 13:37:38;2022-07-22 03:08:54;False;78;88
2023-12-14 02:40:20;2024-01-28 02:10:15;False;94;99
2022-06-12 05:13:07;2023-02-15 17:08:03;True;91;26
2023-08-22 16:27:52;2024-05-24 23:05:03;False;51;18
2020-03-30 17:38:53;2022-06-06 20:22:38;False;45;44
2022-11-01 22:20:02;2023-11-28 04:08:23;False;47;5
2021-10-31 07:50:47;2024-05-18 07:08:10;True;30;15
2022-02-27 07:59:20;2023-12-05 01:46:17;False;71;86
2024-05-22 16:29:33;2024-05-28 13:59:37;False;35;47
2020-08-13 02:23:50;2022-12-14 15:56:39;True;96;3
2022-05-09 06:53:48;2023-07-25 05:03:10;False;28;53
2021-09-12 05:44:54;2023-09-16 10:06:18;False;75;48
2022-12-20 05:14:02;2024-02-04 05:44:00;False;67;86
2022-11-25 03:43:41;2024-02-26 13:25:45;False;4;62
2022-09-30 11:37:58;2024-03-30 22:35:21;False;77;51
2023-06-15 19:09:34;2023-08-12 04:04:01;False;61;17
2024-03-04 18:04:34;2024-05-07 16:33:55;False;94;90
2020-01-21 20:57:15;2022-03-06 00:19:12;False;15;29
2023-07-10 08:33:05;2023-10-05 14:57:22;False;66;68
2021-10-12 10:11:56;2023-11-15 03:25:23;True;2;41
2021-12-08 06:29:35;2023-01-17 19:08:38;False;21;60
2020-12-28 08:55:46;2023-03-27 08:41:19;False;72;95
2023-08-31 22:51:14;2023-10-28 23:18:52;True;11;90
2023-07-11 14:36:27;2023-12-24 15:17:23;False;95;46
2023-04-14 10:59:39;2024-02-23 17:41:34;False;52;5
2024-04-18 11:34:10;2024-05-28 06:52:42;False;84;7
2024-01-18 21:10:05;2024-05-28 12:50:35;False;79;51
2023-06-06 13:45:47;2023-10-24 14:15:24;False;90;29
2021-10-06 16:57:57;2021-12-01 01:44:57;False;35;90
2021-06-06 23:07:49;2022-02-26 08:58:20;False;90;47
2023-11-28 01:23:24;2023-12-15 17:06:19;False;40;8
2022-11-28 16:53:24;2023-04-15 04:21:16;False;96;22
2022-09-13 01:30:33;2023-06-15 00:00:59;False;20;30
2020-04-23 12:05:51;2022-08-11 15:57:19;False;35;90
2022-01-04 02:14:49;2022-05-20 21:37:33;False;76;46
2021-12-12 10:49:23;2023-07-16 14:06:15;False;76;26
2020-02-11 00:51:59;2023-11-28 06:32:59;False;43;94
2021-02-20 17:23:16;2021-05-17 05:46:34;False;55;98
2022-02-21 06:29:24;2023-11-16 18:09:13;False;76;30
2022-02-15 13:14:39;2024-03-17 23:06:18;False;33;6
2021-04-16 03:01:02;2022-11-21 17:11:54;False;64;57
2023-05-16 08:09:46;2023-10-29 13:26:28;False;97;98
2024-02-02 19:24:43;2024-05-29 15:18:21;False;34;76
2024-05-28 05:53:19;2024-05-29 10:34:31;False;59;36
2020-02-11 18:57:10;2022-06-19 00:43:21;False;3;64
2023-05-11 11:41:24;2023-10-21 15:04:11;False;44;6
2024-05-04 10:09:54;2024-05-14 07:47:45;True;24;99
2023-03-07 21:35:16;2024-05-30 16:50:20;False;48;24
2021-02-18 06:11:27;2023-05-04 00:32:07;True;50;8
2021-10-28 16:48:54;2023-05-25 01:34:18;False;95;4
2023-12-02 16:15:08;2024-04-24 02:20:05;False;92;64
2021-09-15 00:58:21;2022-10-06 20:26:18;True;63;14
2020-05-28 05:40:47;2023-08-28 05:06:17;False;95;88
2023-03-22 11:47:10;2024-05-01 08:06:21;False;86;20
2021-01-27 14:35:54;2021-12-22 12:03:40;False;85;63
2020-08-09 08:24:59;2021-03-22 01:50:13;False;54;68
2022-07-24 02:15:48;2024-01-01 21:12:22;False;86;26
2022-08-04 12:42:01;2024-02-29 05:35:28;False;95;5
2023-04-02 10:35:27;2023-05-31 07:16:57;False;46;78
2020-11-30 04:16:30;2022-09-24 19:02:11;False;5;64
2022-09-08 23:19:28;2024-05-23 06:29:35;False;47;66
2023-03-31 21:20:34;2024-02-24 15:23:32;False;86;86
2023-10-21 23:11:13;2024-03-16 10:45:51;False;67;2
2023-07-29 14:57:07;2023-11-04 13:46:01;False;15;18
2022-08-15 07:14:09;2024-01-31 16:18:58;False;93;73
2022-07-20 06:55:35;2024-03-14 12:45:42;False;96;14
2020-10-16 05:15:20;2022-10-14 22:46:46;False;1;95
2021-08-26 06:17:06;2024-01-10 20:39:37;False;80;14
2022-10-09 02:35:02;2023-01-09 06:02:47;True;16;49
2023-04-18 15:55:46;2024-01-22 04:31:48;False;81;83
2024-03-28 22:25:26;2024-04-29 16:43:40;False;1;36
2023-08-05 12:00:10;2023-08-29 21:40:57;False;80;64
2022-10-29 02:24:52;2023-10-29 21:45:14;False;87;48
2024-01-19 21:28:52;2024-04-04 13:00:06;False;12;69
2023-01-22 02:25:14;2024-04-07 18:23:20;False;38;33
2022-05-19 03:19:34;2022-12-30 13:19:13;False;15;1
2023-02-01 00:21:15;2024-04-05 06:32:35;False;18;77
2021-11-14 18:52:08;2024-01-01 17:13:06;False;61;69
2021-03-13 02:43:37;2021-07-26 12:22:55;True;10;78
2024-02-12 01:07:18;2024-02-17 12:44:42;False;93;95
2021-07-07 12:25:35;2022-02-16 01:30:13;False;79;40
2023-08-17 19:18:46;2024-02-11 17:06:56;False;80;12
2021-04-29 16:48:01;2021-10-27 17:16:45;False;31;24
2020-01-11 17:11:09;2022-02-14 10:29:14;False;27;20
2024-05-11 14:19:25;2024-05-30 15:27:13;False;34;53
2022-10-21 15:48:41;2024-01-30 06:33:19;False;24;23
2020-01-22 02:21:37;2020-08-02 18:05:43;False;37;18
2023-11-04 12:01:45;2023-11-30 22:26:42;True;26;56
2021-02-06 17:22:39;2021-05-01 18:29:13;False;17;28
2021-01-12 18:10:33;2021-03-20 05:33:52;False;24;6
2020-10-01 19:01:17;2021-07-02 06:06:07;False;76;7
2022-09-24 21:17:05;2023-03-10 11:32:45;False;55;33
2020-04-06 17:54:01;2021-11-20 18:57:51;False;87;38
2020-12-09 03:46:28;2021-02-02 05:19:43;False;77;43
2020-02-03 11:44:02;2020-12-30 02:55:01;False;21;63
2022-10-10 09:36:43;2024-05-05 22:36:20;False;75;80
2021-06-08 23:08:22;2024-02-01 14:02:01;False;56;54
2020-09-04 07:00:50;2022-10-19 20:20:17;False;5;44
2021-04-15 15:28:12;2021-07-19 22:37:36;True;36;38
2020-02-28 17:19:18;2024-03-02 01:37:07;False;44;36
2023-02-16 06:02:02;2023-05-26 14:17:33;False;99;29
2021-02-07 07:04:41;2021-06-15 12:52:41;False;14;47
2023-03-16 11:52:19;2023-11-06 00:55:32;False;26;15
2020-01-20 09:39:51;2022-06-04 15:42:14;True;1;50
2024-05-20 11:51:36;2024-05-25 03:11:48;False;89;30
2024-02-26 22:40:18;2024-03-15 08:13:23;False;59;69
2023-06-10 06:36:55;2023-06-11 08:34:09;False;47;98
2020-04-29 16:13:38;2022-11-07 20:12:19;False;68;97
2022-02-14 08:12:34;2022-10-11 21:46:41;True;36;99
2022-07-06 00:56:34;2022-12-10 22:19:32;False;95;79
2023-05-26 22:57:28;2023-12-23 20:43:02;False;16;72
2024-01-25 16:11:49;2024-04-02 15:38:54;True;76;80
2020-02-27 13:54:29;2020-04-09 15:36:53;False;17;8
2023-01-21 16:41:06;2023-05-28 05:58:03;False;74;37
2023-06-20 21:16:58;2024-01-17 14:23:55;False;65;64
2021-03-26 00:38:41;2024-03-27 06:28:09;False;21;78
2024-02-22 06:44:08;2024-02-25 18:14:47;False;9;20
2021-06-19 15:10:46;2023-11-13 13:34:15;False;64;49
2020-07-11 07:36:14;2020-10-19 12:40:10;False;48;92
2022-03-06 19:59:30;2023-12-24 12:58:47;False;26;91
2020-01-14 06:17:44;2022-04-13 06:54:51;False;69;87
2023-12-23 20:45:36;2024-04-06 12:52:13;False;24;55
2023-01-21 09:37:52;2023-02-03 19:32:00;False;44;4
2020-02-21 22:02:36;2021-10-20 09:01:52;False;2;8
2021-07-04 08:14:16;2022-10-16 17:00:51;False;24;62
2023-01-20 14:42:39;2023-07-14 23:30:11;True;64;78
2020-11-03 11:21:10;2021-07-31 14:59:11;False;16;23
2020-01-25 02:39:52;2020-05-05 22:25:46;True;85;91
2022-08-12 23:06:31;2023-08-14 08:48:35;False;22;90
2024-04-27 17:40:47;2024-05-06 13:18:49;False;32;82
2021-08-07 17:31:30;2023-02-14 00:03:25;False;72;77
2020-08-31 12:52:24;2020-11-16 01:17:34;False;42;88
2024-04-03 17:40:18;2024-04-22 01:46:49;False;50;51
2020-03-24 15:23:58;2023-11-24 14:12:28;False;35;22
2022-12-15 02:04:00;2023-08-15 13:36:31;False;10;99
2021-10-03 07:45:11;2023-01-16 01:31:47;False;85;48
2023-03-16 15:09:36;2023-11-29 22:53:00;False;82;45
2023-11-03 23:10:00;2023-12-08 11:23:16;True;25;88
2022-12-24 08:45:35;2023-08-09 05:29:36;False;51;75
2020-10-09 13:58:32;2021-04-13 14:57:42;False;15;36
2023-05-19 04:57:01;2023-06-19 12:41:28;False;71;32
2020-09-05 20:57:04;2023-01-27 00:18:13;False;25;73
2021-12-21 06:37:53;2023-09-08 21:52:03;False;56;67
2020-06-15 00:17:06;2021-10-18 11:38:59;False;52;98
2022-10-26 10:14:46;2023-02-09 10:06:12;False;24;49
2022-07-09 00:03:26;2023-12-19 05:20:46;False;47;82
2023-08-18 13:24:22;2023-09-14 10:49:40;False;77;14
2020-10-12 11:53:05;2022-02-26 09:42:58;False;68;16
2021-12-30 09:41:01;2023-01-18 22:11:29;False;30;7
2023-01-09 12:16:33;2023-03-13 12:09:18;False;53;84
2023-12-07 22:18:45;2024-05-13 10:26:48;False;83;10
2022-01-28 22:17:18;2022-03-08 14:42:44;False;63;1
2021-01-19 22:37:01;2022-10-29 03:54:17;False;66;45
2021-06-24 23:23:32;2023-05-17 11:41:31;False;27;71
2022-08-29 21:47:40;2023-12-29 02:00:27;False;4;64
2024-02-03 00:11:52;2024-03-08 00:19:13;False;2;100
2023-01-07 16:45:04;2023-06-11 12:22:46;True;78;79
2022-12-18 13:06:19;2023-03-03 22:27:52;False;48;63
2020-06-30 14:18:47;2023-01-08 08:44:06;False;7;18
2021-09-26 09:09:54;2023-06-09 08:31:39;False;60;31
2022-06-23 18:53:29;2022-12-25 07:51:23;False;54;25
2021-10-13 03:02:15;2023-04-11 09:33:00;False;46;36
2021-10-12 12:27:15;2024-03-22 10:09:36;False;31;36
2021-06-23 11:52:46;2022-11-30 02:02:45;False;82;81
2023-06-24 14:42:33;2024-05-20 01:43:20;False;52;18
2023-01-25 06:02:18;2023-06-30 04:17:44;True;38;50
2021-04-19 18:17:46;2023-07-19 10:11:06;True;50;84
2022-01-29 01:06:43;2024-02-10 21:38:15;False;45;27
2020-05-16 04:51:39;2021-09-17 15:59:37;False;62;62
2020-06-21 12:33:59;2024-03-10 08:35:32;False;48;52
2020-07-20 16:08:33;2021-04-30 07:00:27;False;50;71
2024-02-22 03:10:22;2024-03-12 17:41:08;False;84;44
2021-07-06 22:58:36;2023-10-04 02:27:02;True;44;52
2021-11-04 04:12:13;2022-05-05 18:43:58;False;15;80
2020-09-20 08:52:54;2021-09-02 22:06:24;False;87;78
2024-01-12 06:40:46;2024-04-28 21:08:00;False;61;69
2020-10-10 18:52:25;2024-05-19 01:06:49;False;69;29
2023-05-24 16:43:55;2023-08-01 01:56:11;False;33;37
2020-01-22 19:19:46;2020-08-10 18:48:30;False;49;68
2022-11-12 08:14:00;2023-12-06 09:02:04;False;40;89
2021-01-12 00:41:28;2022-03-03 20:24:25;False;31;3
2020-04-30 09:05:12;2023-02-22 08:40:33;True;84;72
2021-07-26 23:33:49;2022-01-04 08:45:29;False;45;22
2022-05-07 12:28:22;2024-05-22 18:46:33;False;94;4
2022-11-18 10:02:54;2023-02-14 08:53:00;False;34;47
2021-06-14 21:01:34;2022-05-12 22:51:48;False;46;100
2022-10-15 16:47:08;2023-06-03 14:14:55;False;82;88
2022-05-11 13:59:26;2022-09-16 00:39:59;False;25;83
2023-02-02 20:49:54;2024-02-05 16:18:53;False;91;64
2021-01-07 21:31:24;2023-05-10 10:43:37;False;54;54
2021-09-04 16:02:20;2021-10-10 12:15:15;False;71;50
2023-03-12 04:23:59;2023-04-15 08:12:46;False;7;29
2020-03-14 21:16:25;2022-03-26 18:47:03;False;57;57
2021-02-14 11:16:50;2021-06-09 23:03:31;False;95;92
2023-09-11 05:11:23;2023-11-05 11:17:52;False;15;55
2020-07-06 05:48:01;2021-05-26 16:12:03;False;16;15
2023-05-29 00:11:30;2023-11-20 10:14:57;False;57;55
2020-07-31 08:32:28;2021-07-14 06:28:53;False;22;6
2024-04-24 19:22:26;2024-05-13 13:17:50;True;77;70
2022-03-31 20:35:04;2023-07-16 20:59:08;False;75;58
2020-06-01 10:04:01;2023-09-16 19:03:19;True;18;2
2023-05-21 11:00:04;2023-06-24 05:06:36;False;60;15
2023-03-23 23:42:03;2024-02-01 09:11:02;False;24;91
2022-06-11 01:10:55;2022-09-08 02:02:10;False;11;78
2022-02-20 03:00:39;2023-09-16 15:38:37;True;64;90
2023-02-20 16:19:26;2024-05-19 12:37:39;False;100;81
2021-02-07 17:32:57;2023-12-03 08:43:12;False;59;73
2020-06-19 14:33:50;2024-04-26 23:40:54;False;27;91
2020-08-29 17:22:00;2024-03-24 04:29:57;False;47;17
2022-02-15 05:31:07;2023-05-31 10:14:03;False;63;18
2022-06-23 07:32:39;2023-12-21 03:02:08;False;8;53
2020-01-31 18:25:25;2022-07-09 13:04:47;False;21;45
2022-12-12 14:34:41;2023-10-14 13:01:29;False;61;56
2024-03-19 05:02:44;2024-05-16 10:30:20;False;50;64
2020-10-30 14:21:21;2022-09-18 22:56:44;False;89;16
2024-02-06 20:30:43;2024-04-22 04:54:58;False;37;24
2020-04-06 09:49:33;2020-09-14 10:15:19;False;24;78
2023-06-29 05:52:34;2023-10-19 04:25:12;False;71;77
2023-07-24 00:40:17;2024-05-24 12:57:19;False;21;19
2021-11-08 12:48:55;2024-01-04 19:03:26;False;22;59
2020-04-20 00:45:17;2022-05-23 23:06:54;False;63;73
2021-12-18 13:36:54;2022-02-19 10:49:13;False;20;65
2020-03-14 00:46:21;2022-06-06 05:07:05;False;70;46
2023-03-06 04:51:51;2024-05-05 15:04:43;True;68;28
2023-06-03 02:34:11;2024-02-14 06:05:44;False;46;30
2020-08-29 16:46:47;2022-07-14 02:51:02;False;87;68
2024-02-01 17:42:41;2024-04-29 04:06:11;True;88;9
2021-10-28 04:17:34;2022-02-01 12:00:22;False;70;7
2021-01-11 16:35:58;2022-07-13 19:26:45;False;72;82
2022-11-15 02:59:13;2023-07-26 20:32:00;False;61;90
2021-10-11 14:43:46;2023-03-30 08:39:39;False;91;100
2022-05-14 03:37:36;2023-06-28 10:55:25;False;87;100
2020-07-11 05:51:38;2023-07-07 21:03:41;False;67;47
2021-07-14 00:38:07;2023-01-22 06:07:32;True;39;72
2022-11-14 12:25:48;2024-05-23 21:47:05;False;29;90
2022-04-21 09:15:25;2022-07-30 12:34:09;False;42;52
2023-10-09 11:02:00;2024-02-12 15:41:12;False;26;38
2023-05-25 21:04:13;2024-05-21 22:31:36;False;27;2
2023-08-17 17:34:52;2023-12-21 03:38:43;False;65;78
2021-03-11 09:14:12;2023-12-19 06:28:04;False;87;37
2023-05-12 19:48:19;2023-10-06 12:30:27;True;100;91
2021-06-24 19:04:31;2023-11-15 17:54:20;False;21;34
2024-04-18 04:50:19;2024-05-03 12:51:13;False;71;12
2023-10-24 01:57:50;2024-05-02 07:29:12;True;30;56
2021-01-18 05:13:44;2023-09-28 19:34:17;False;40;45
2022-01-12 10:35:04;2023-05-18 12:13:50;False;43;4
2022-08-13 01:17:18;2022-12-22 18:22:59;False;17;61
2023-04-21 01:14:55;2023-11-17 09:19:40;False;68;41
2020-05-01 03:54:35;2022-07-23 10:01:10;False;66;70
2023-07-27 11:30:31;2023-08-16 23:54:45;False;51;9
2021-06-08 22:30:31;2024-04-04 06:20:15;False;88;81
2020-04-26 13:05:41;2021-07-16 08:53:38;False;92;46
2022-09-29 17:41:06;2022-12-17 20:28:42;False;99;35
2024-05-12 14:29:24;2024-05-17 19:20:43;False;11;31
2023-07-07 03:46:03;2023-12-06 04:01:27;False;5;81
2023-06-04 17:14:34;2024-01-05 22:26:45;False;93;63
2022-07-15 16:15:26;2024-04-26 06:01:21;False;33;43
2020-12-09 17:59:05;2021-11-17 11:29:24;False;2;77
2024-05-23 12:35:37;2024-05-28 01:12:40;False;29;11
2021-08-11 00:12:28;2023-09-01 23:14:39;True;55;25
2022-11-08 00:41:23;2023-11-17 03:31:38;False;25;94
2020-06-15 07:55:19;2020-12-01 12:41:54;True;98;83
2021-12-07 18:35:31;2022-09-06 08:44:51;False;39;19
2023-06-17 01:20:56;2023-10-10 13:50:02;False;23;26
2021-07-28 10:31:45;2022-11-26 21:41:51;False;66;2
2020-07-24 12:01:55;2023-11-11 07:39:06;False;89;86
2020-08-08 04:14:30;2021-07-19 17:48:53;False;59;77
2022-02-18 02:44:15;2022-02-24 10:15:22;False;39;61
2022-11-13 01:22:39;2023-12-25 04:07:54;False;44;55
2022-11-07 21:33:08;2022-11-11 03:38:43;False;53;62
2021-07-21 19:00:52;2023-04-09 22:09:55;False;78;54
2021-12-26 02:43:58;2023-02-10 11:57:18;False;8;99
2022-01-18 00:29:35;2023-09-12 23:58:39;False;33;14
2022-02-27 10:22:16;2022-06-27 16:10:09;False;36;21
2022-04-14 00:19:43;2024-02-19 07:43:46;False;26;53
2022-04-29 16:05:22;2023-07-06 07:20:13;False;9;84
2021-10-02 23:04:22;2023-11-28 07:34:33;True;7;73
2021-04-25 06:21:19;2023-04-22 04:06:44;False;88;79
2022-11-28 00:23:51;2023-04-07 15:59:12;False;86;86
2023-12-05 08:36:40;2024-04-30 00:09:54;False;62;31
2022-05-17 17:31:06;2024-05-30 11:41:44;True;96;69
2023-01-25 05:53:09;2023-09-29 10:46:16;False;86;72
2021-04-05 04:16:04;2021-08-19 01:57:03;True;16;75
2022-06-09 21:26:21;2023-06-01 19:49:57;True;25;100
2020-05-17 14:12:44;2023-03-13 06:24:32;False;92;75
2021-04-17 04:05:11;2021-11-13 20:14:53;True;49;92
2021-05-16 21:54:53;2022-09-16 21:20:49;False;41;76
2022-01-04 16:44:18;2023-04-21 01:29:03;False;49;6
2020-04-22 20:32:05;2022-06-12 14:05:20;False;35;3
2023-05-24 07:17:02;2023-10-07 21:15:14;False;9;57
2020-01-28 18:56:22;2021-08-04 22:04:40;False;89;93
2023-10-24 23:05:56;2023-12-09 04:41:17;False;42;63
2020-10-04 22:49:29;2023-12-22 13:26:32;False;50;72
2024-04-14 14:23:02;2024-04-28 08:19:29;False;98;82
2021-01-30 03:12:10;2021-12-09 18:17:42;False;60;9
2024-04-05 01:58:56;2024-05-21 05:23:45;False;97;26
2023-02-28 18:15:23;2023-06-29 02:57:58;False;82;66
2021-06-10 11:19:38;2024-04-14 20:19:23;False;66;45
2021-12-21 20:50:26;2022-02-26 13:45:54;False;43;26
2021-03-22 08:40:57;2024-01-23 14:55:30;False;81;57
2021-07-10 13:13:35;2022-06-02 18:19:28;False;100;36
2020-02-21 05:01:50;2023-08-01 13:22:02;False;15;84
2023-10-09 14:59:56;2024-01-23 02:13:19;False;66;81
2021-10-23 18:34:04;2023-10-02 05:12:06;True;41;59
2023-04-18 09:26:23;2023-07-01 04:22:04;False;26;73
2022-08-25 04:50:10;2023-12-05 15:58:35;False;74;57
2022-10-27 14:20:06;2023-01-13 21:01:27;False;68;57
2021-10-22 15:50:13;2021-12-24 22:12:13;False;68;3
2022-06-11 01:43:54;2022-12-09 15:53:12;False;71;46
2023-01-22 01:33:50;2023-04-02 01:58:45;False;22;67
2021-07-28 22:20:31;2022-06-27 01:15:55;False;92;11
2024-03-14 03:23:13;2024-05-16 12:09:23;False;2;13
2021-09-01 04:47:16;2022-04-09 01:52:55;False;48;59
2022-04-02 02:25:35;2023-06-28 01:34:03;False;45;91
2022-11-14 15:14:24;2024-02-08 12:17:10;False;56;68
2022-06-18 21:35:41;2022-11-13 18:55:53;False;55;63
2021-11-21 12:44:00;2023-10-07 09:57:39;False;65;64
2023-09-20 01:45:07;2023-11-19 15:18:57;False;39;18
2020-09-10 08:56:31;2021-09-30 12:18:48;False;91;86
2020-01-02 10:31:18;2020-07-11 04:24:43;False;56;73
2022-04-01 21:39:35;2022-10-30 06:05:02;False;83;53
2020-04-15 18:00:20;2023-07-24 15:29:35;False;97;69
2021-02-09 07:28:10;2023-06-04 04:38:30;True;76;79
2023-08-23 21:52:05;2024-02-07 13:40:23;True;29;95
2021-07-01 04:39:14;2022-07-12 06:49:48;False;3;24
2021-05-19 09:02:10;2022-10-07 12:09:31;False;45;64
2021-06-24 07:26:26;2023-03-20 03:42:18;False;37;21
2022-09-24 07:28:28;2024-01-22 05:16:00;False;94;26
2023-06-25 15:48:55;2024-04-15 23:32:12;False;33;8
2021-08-28 22:55:23;2021-12-20 11:13:48;True;13;70
2020-03-02 11:37:59;2022-10-18 09:58:41;False;56;50
2023-12-10 09:15:53;2024-02-20 09:16:20;False;75;50
2023-02-16 23:29:32;2024-01-20 16:52:32;False;100;9
2021-05-06 04:34:48;2023-05-30 07:55:32;False;29;48
2022-03-30 22:33:43;2022-10-16 07:18:54;False;8;32
2023-11-22 17:17:34;2024-01-23 12:03:57;False;41;42
2023-05-05 05:14:40;2023-10-16 21:17:14;False;81;38
2023-12-28 14:10:36;2024-01-03 03:24:57;False;23;98
2020-04-17 12:53:33;2022-07-27 14:00:50;False;86;30
2021-11-05 02:29:43;2024-04-28 22:35:40;False;61;21
2020-03-02 13:01:54;2022-06-13 13:38:37;True;73;61
2021-12-05 17:32:55;2023-11-22 15:15:02;False;48;91
2022-08-25 22:15:19;2023-11-19 18:37:18;False;17;84
2023-06-23 03:58:16;2024-01-09 15:36:24;False;31;5
2020-02-03 22:17:48;2022-12-22 02:16:03;False;72;66
2021-08-31 06:52:12;2022-01-16 02:09:38;False;95;68
2023-07-27 04:16:45;2023-10-07 00:15:41;False;80;95
2020-05-05 05:28:57;2023-07-27 09:51:38;False;100;16
2023-11-15 12:05:59;2024-05-26 02:21:19;False;51;10
2021-04-25 01:43:54;2022-12-08 16:41:32;False;83;20
2020-12-03 15:16:31;2023-09-17 15:58:03;False;78;59
2022-09-19 06:28:52;2024-01-20 20:29:59;False;58;23
2022-01-24 06:37:20;2023-06-02 08:17:00;False;22;26
2023-04-30 23:44:52;2023-09-30 14:19:19;True;96;45
2024-02-26 18:27:42;2024-04-05 17:19:23;False;38;72
2020-03-22 05:26:20;2021-08-15 09:43:48;False;77;80
2022-06-20 19:28:30;2022-10-03 01:25:19;False;85;28
2022-11-25 18:59:49;2023-10-05 03:03:41;False;41;10
2024-01-26 04:26:03;2024-02-27 12:13:02;False;5;94
2020-11-03 21:07:31;2023-09-23 13:04:56;False;63;80
2020-10-08 21:29:03;2021-09-18 10:09:03;False;25;69
2021-11-23 05:31:08;2024-03-16 04:24:35;False;33;48
2021-10-22 16:16:56;2022-08-20 14:15:20;False;29;85
2022-03-06 17:56:49;2022-06-08 04:34:34;False;10;42
2020-01-29 13:54:18;2023-12-20 16:57:46;False;39;38
2020-12-21 23:01:06;2024-03-17 16:26:30;False;55;76
2021-02-09 07:38:11;2022-04-16 22:48:16;False;48;36
2023-11-22 17:40:06;2024-05-06 08:44:14;True;37;46
2022-02-19 03:43:21;2023-07-16 19:40:59;False;92;44
2020-05-07 01:08:07;2023-07-12 23:48:17;False;77;78
2020-12-12 22:12:31;2023-06-17 01:52:38;True;34;34
2023-11-06 15:56:15;2024-03-06 01:20:01;False;39;2
2024-05-07 10:09:28;2024-05-08 17:27:39;False;38;43
2020-05-09 12:36:16;2020-07-06 13:35:02;False;79;25
2021-10-27 09:55:54;2023-07-06 03:45:58;False;52;77
2020-10-03 23:54:19;2020-10-26 15:50:27;False;43;78
2020-01-21 05:07:20;2020-12-09 21:31:32;False;71;53
2021-01-28 00:09:13;2024-03-15 04:23:24;False;7;88
2020-08-05 01:58:25;2021-09-24 02:50:38;False;21;19
2021-04-25 14:06:13;2024-04-26 14:07:24;False;76;29
2020-02-11 04:30:43;2021-07-27 07:40:26;True;5;73
2022-05-12 04:06:56;2023-11-16 16:09:21;False;27;23
2021-12-31 12:28:27;2022-07-17 17:04:19;False;83;61
2023-08-22 01:56:16;2024-05-09 04:59:54;False;37;47
2021-02-07 00:01:01;2023-11-19 12:03:04;False;97;83
2024-05-24 18:53:38;2024-05-26 08:51:56;True;6;81
2020-07-16 04:42:07;2024-04-01 02:27:52;False;71;7
2020-03-31 20:21:45;2024-02-26 23:40:10;False;63;10
2022-08-31 04:20:59;2022-09-30 23:20:34;False;65;76
2023-06-26 05:47:42;2023-10-02 14:55:38;False;21;64
2022-10-17 19:03:10;2024-03-12 01:38:58;False;23;39
2020-11-30 13:20:40;2024-05-06 23:53:28;False;20;68
2021-12-29 08:53:48;2022-07-28 05:50:56;False;53;29
2023-08-18 02:20:58;2024-04-30 23:10:57;False;86;82
2021-01-22 03:55:26;2024-03-31 03:19:58;False;85;8
2021-12-06 10:15:43;2023-04-03 23:46:07;True;94;2
2021-07-26 20:20:44;2022-10-20 18:45:39;False;76;40
2020-05-26 00:43:31;2023-11-25 06:39:06;False;38;80
2021-02-24 05:12:16;2021-07-06 02:17:17;False;97;21
2022-11-16 08:52:32;2023-11-27 11:32:15;False;42;12
2024-04-26 09:51:32;2024-04-30 09:57:00;False;28;30
2023-12-27 08:49:09;2024-02-16 06:00:00;False;71;77
2020-12-09 12:09:57;2021-08-27 11:25:05;False;71;54
2021-12-07 08:01:05;2023-03-09 23:08:57;False;27;53
2024-02-03 19:59:48;2024-04-19 23:04:14;False;8;16
2020-09-27 20:38:55;2022-08-14 00:58:12;False;28;74
2021-08-03 13:03:18;2023-11-26 09:34:54;False;82;16
2023-06-26 16:24:18;2023-07-04 17:40:53;False;59;3
2023-08-23 11:51:35;2024-01-11 07:38:59;False;91;37
2020-09-04 23:24:23;2024-02-11 09:01:21;True;48;47
2022-01-02 10:05:24;2023-02-16 19:47:42;False;69;75
2023-08-05 20:13:43;2023-09-26 05:53:53;False;43;19
2021-03-10 16:27:23;2021-10-23 20:50:04;False;78;51
2020-11-06 09:15:00;2023-02-27 23:17:53;False;38;57
2022-09-27 15:36:32;2023-12-24 02:15:24;False;6;55
2020-02-28 11:58:09;2023-06-20 13:48:26;False;57;70
2020-10-21 22:43:20;2024-04-30 17:29:56;False;30;49
2021-09-12 07:42:41;2022-08-08 07:45:02;False;49;18
2020-05-04 10:46:28;2022-02-22 22:31:50;False;63;72
2023-11-09 00:16:51;2024-01-20 22:11:02;False;7;72
2021-01-11 11:25:27;2022-03-04 00:09:39;False;98;46
2024-02-26 06:48:50;2024-02-28 06:56:35;False;22;81
2021-01-26 17:28:29;2022-01-30 17:34:51;False;100;43
2021-09-07 02:51:05;2022-01-15 14:05:10;False;94;13
2023-11-30 06:45:06;2024-03-23 15:29:57;False;66;80
2021-08-19 00:27:46;2021-10-10 16:16:35;False;53;56
2022-09-16 13:06:27;2023-09-18 23:32:58;False;31;91
2023-05-30 18:44:49;2023-08-23 09:54:34;False;41;9
2022-03-24 03:17:55;2022-08-26 12:09:52;False;8;6
2020-12-22 12:27:21;2023-05-09 07:13:44;False;92;34
2023-11-10 01:29:18;2023-12-20 10:17:15;False;9;46
2022-01-06 06:26:58;2022-02-22 10:03:58;False;6;88
2022-03-23 13:42:27;2024-01-14 00:09:30;False;57;76
2022-01-24 13:00:54;2023-03-11 09:19:55;False;15;80
2021-05-28 19:02:31;2021-05-30 05:03:46;False;51;6
2022-09-06 00:07:30;2023-05-22 13:41:54;False;56;61
2022-08-27 18:42:42;2023-06-22 00:16:25;False;100;39
2020-11-26 21:38:05;2020-12-20 10:57:54;False;54;93
2023-05-30 05:30:36;2023-09-05 09:52:59;False;57;87
2020-10-15 01:05:18;2023-06-09 21:14:02;False;6;39
2022-04-30 10:45:58;2022-09-16 14:11:29;False;83;8
2021-08-02 19:09:48;2021-08-26 19:09:00;False;93;55
2020-08-13 11:21:24;2023-02-08 22:37:19;False;34;30
2020-12-11 20:17:39;2021-11-25 17:13:54;False;10;29
2020-09-05 08:31:11;2021-11-04 02:40:39;True;54;25
2023-07-26 01:13:03;2024-01-28 12:11:16;False;82;11
2022-08-06 00:15:07;2023-05-29 11:16:03;False;100;56
2021-06-26 22:58:34;2023-11-05 14:15:14;False;67;60
2023-05-27 13:26:55;2023-06-14 03:00:51;False;10;39
2021-07-14 12:36:59;2024-05-10 21:07:17;False;24;71
2022-11-23 23:56:19;2024-05-12 08:58:39;False;79;72
2023-09-28 21:06:55;2023-12-13 05:45:58;False;19;73
2021-12-09 18:02:07;2023-02-27 01:55:59;False;6;87
2020-11-01 06:45:44;2024-04-05 18:21:07;False;17;54
2020-08-17 09:14:53;2022-09-07 07:52:45;False;63;52
2021-03-10 11:49:48;2022-10-22 07:42:24;False;64;46
2020-04-20 14:09:59;2024-04-29 01:03:05;False;73;46
2020-12-19 00:15:10;2023-09-10 22:01:12;False;52;30
2024-01-02 17:39:00;2024-03-01 08:06:55;False;53;32
2022-02-04 01:06:07;2023-10-26 12:12:21;False;79;98
2023-03-19 19:37:57;2023-09-17 09:49:36;False;76;33
2023-03-03 23:18:40;2023-09-21 02:34:11;False;87;56
2021-05-16 13:44:55;2024-02-23 01:44:01;True;30;18
2023-01-05 21:44:52;2023-09-21 10:02:52;True;78;42
2020-06-26 01:49:27;2022-08-28 02:16:52;False;22;61
2024-05-03 16:41:22;2024-05-28 09:31:10;False;76;85
2021-02-13 05:28:48;2021-12-03 22:04:33;False;41;68
2024-01-16 07:21:09;2024-01-28 09:42:28;False;82;85
2021-12-03 09:57:23;2022-10-20 12:16:18;False;61;9
2022-05-26 01:59:10;2022-06-27 02:09:48;False;89;47
2023-09-09 23:24:47;2024-01-14 09:23:36;False;53;78
2023-03-30 16:35:52;2023-10-12 15:38:41;False;48;52
2023-02-02 09:35:00;2023-06-22 17:21:29;False;33;16
2020-07-22 04:24:06;2021-02-08 08:31:23;False;64;6
2023-10-08 13:52:18;2024-02-28 19:00:00;False;33;73
2023-11-10 02:16:09;2024-05-12 13:55:28;False;44;75
2022-09-03 18:10:35;2022-12-07 20:35:34;False;44;13
2021-07-01 16:39:58;2024-02-15 18:59:34;False;29;2
2020-11-11 21:31:46;2023-12-23 21:36:44;False;93;58
2021-08-23 23:20:58;2022-03-13 16:42:25;False;7;74
2022-02-02 10:40:53;2024-02-25 07:42:21;False;65;20
2020-12-05 09:20:17;2023-09-20 14:43:19;False;72;16
2022-07-31 12:23:37;2023-10-04 22:50:44;False;52;26
2020-08-20 02:49:32;2021-12-11 16:45:32;False;89;14
2023-06-19 12:53:58;2023-10-05 23:33:29;False;92;5
2021-01-06 10:40:34;2021-06-23 22:12:12;False;70;86
2020-07-09 18:55:29;2022-06-25 23:33:46;False;59;80
2023-10-26 00:56:28;2023-12-23 22:58:26;False;16;31
2022-04-14 04:25:46;2023-08-05 21:29:49;False;58;32
2021-08-06 13:49:52;2022-06-06 22:39:48;False;48;29
2021-09-29 20:44:31;2021-12-03 03:12:20;True;32;1
2021-11-29 10:34:38;2022-10-31 03:13:08;False;76;39
2023-06-06 18:01:55;2023-11-25 16:41:46;False;31;90
2022-06-25 15:48:02;2023-05-31 12:21:54;False;20;37
2022-02-02 15:59:21;2024-03-11 18:06:42;False;52;77
2021-08-10 21:02:53;2023-12-15 16:46:55;False;37;31
2022-09-08 04:45:16;2023-02-15 15:24:25;False;80;17
2021-04-06 17:52:49;2023-07-03 19:37:40;False;9;15
2020-08-23 03:35:06;2020-10-23 15:52:13;False;30;89
2022-06-21 09:51:31;2022-12-26 18:43:41;False;8;39
2023-09-09 21:21:00;2024-04-21 14:19:09;False;74;95
2024-05-01 17:59:58;2024-05-24 23:09:53;False;92;40
2020-12-09 08:54:00;2023-03-30 06:43:11;False;49;67
2020-02-04 23:39:15;2021-05-08 01:17:33;False;56;81
2023-12-22 03:46:28;2023-12-24 13:28:21;False;30;48
2021-04-26 22:13:22;2023-06-17 06:33:21;False;57;14
2023-01-26 22:20:26;2024-03-31 15:43:51;False;11;81
2023-08-15 12:09:54;2023-10-08 13:51:04;False;84;83
2022-01-31 02:23:16;2023-12-20 21:19:20;False;6;87
2022-02-27 22:31:53;2024-05-23 03:10:56;False;96;78
2023-05-17 11:33:40;2023-08-04 00:02:04;False;21;57
2022-01-14 18:18:32;2024-02-20 10:51:46;False;49;42
2023-07-18 14:01:29;2023-10-22 23:43:14;False;17;43
2022-11-29 21:06:26;2023-01-27 16:27:51;True;7;45
2024-03-23 16:43:56;2024-04-20 07:37:48;False;24;37
2021-04-04 20:44:17;2022-01-24 06:35:30;False;76;24
2022-09-25 22:25:46;2023-05-16 07:30:00;False;58;24
2022-06-08 00:44:34;2022-12-13 21:09:50;False;16;48
2024-01-04 00:43:18;2024-01-17 16:29:51;False;34;75
2023-06-13 23:38:46;2023-10-03 00:14:02;False;97;37
2022-04-25 08:11:46;2023-01-17 01:31:31;False;55;9
2020-02-10 09:42:30;2020-09-19 08:36:57;False;61;42
2024-01-09 17:58:41;2024-01-12 11:17:17;False;79;95
2023-11-12 23:58:59;2024-04-29 03:54:16;False;15;19
2020-10-17 07:28:58;2022-07-24 23:42:17;True;29;35
2024-04-12 05:18:46;2024-05-02 05:06:33;False;14;23
2020-01-31 06:53:26;2021-10-29 10:25:26;False;24;30
2020-04-22 22:29:45;2024-02-20 17:12:57;False;74;81
2022-04-16 20:10:36;2024-02-05 11:43:46;False;19;66
2020-11-25 14:25:18;2021-12-14 03:41:02;False;25;74
2021-07-25 04:13:21;2022-08-13 05:07:48;False;78;25
2023-09-19 08:31:16;2024-05-13 11:20:44;False;76;54
2020-08-16 05:38:31;2022-04-18 10:56:05;False;82;76
2023-05-31 20:51:06;2023-11-20 18:11:07;False;92;99
2022-06-25 18:59:31;2023-10-15 10:56:52;False;51;46
2021-04-10 14:14:23;2022-06-10 13:37:48;False;42;6
2020-06-15 22:47:01;2020-07-14 04:28:23;True;33;63
2021-05-30 03:47:14;2022-04-09 16:48:43;False;50;45
2021-01-30 03:57:56;2023-12-29 18:05:18;False;39;59
2020-06-26 22:24:45;2020-12-18 18:32:27;False;35;17
2020-02-03 06:12:41;2022-11-28 12:21:21;False;44;46
2024-04-08 08:39:01;2024-05-03 02:02:58;True;71;3
2022-05-19 01:18:50;2023-02-14 12:15:44;False;21;93
2024-02-19 22:03:44;2024-04-19 07:49:09;False;58;9
2023-04-08 17:48:44;2023-09-20 05:38:11;False;13;88
2021-04-30 14:23:11;2022-09-02 04:57:56;False;58;41
2020-07-25 02:51:41;2022-03-10 23:13:49;False;70;54
2022-04-02 04:20:41;2023-12-25 15:50:21;False;45;45
2020-07-04 14:51:36;2022-01-10 06:37:14;False;43;59
2020-06-05 03:37:47;2023-12-04 01:25:16;False;78;91
2021-07-05 19:37:51;2024-05-25 19:07:17;False;66;8
2021-10-06 18:43:26;2024-05-01 16:20:29;False;61;58
2020-07-07 20:15:39;2024-01-06 18:05:18;False;12;15
2021-01-08 22:35:49;2021-08-02 10:30:38;False;73;5
2020-03-05 13:03:19;2022-09-19 16:49:27;False;86;2
2023-05-20 15:41:43;2024-02-14 18:41:25;False;78;79
2021-04-17 07:30:42;2024-05-06 04:36:43;False;39;25
2022-07-30 18:17:22;2023-02-03 19:20:32;False;5;72
2022-12-23 16:33:21;2024-05-28 01:07:25;False;19;51
2024-04-23 08:33:10;2024-04-24 06:48:26;False;87;4
2022-11-16 02:32:54;2023-08-14 00:21:26;False;67;85
2020-12-17 10:35:57;2022-09-27 16:38:47;False;19;9
2023-10-05 02:46:19;2024-04-21 22:00:35;False;27;60
2020-06-10 14:45:17;2022-05-10 00:58:29;False;39;59
2021-03-25 11:18:08;2023-09-01 20:59:26;False;17;89
2022-05-06 10:42:42;2023-04-11 01:36:40;False;93;59
2020-06-20 14:24:49;2022-06-26 09:39:53;False;62;75
2022-11-02 08:56:16;2023-08-28 01:12:04;False;88;85
2023-03-31 11:16:52;2023-08-12 21:53:29;False;44;18
2023-07-16 22:59:54;2023-09-30 23:09:31;False;68;51
2022-01-14 03:54:26;2023-12-30 02:49:14;False;88;63
2021-04-02 18:34:07;2022-03-11 15:10:14;False;10;82
2023-01-07 09:49:21;2024-05-05 03:22:31;False;21;34
2024-04-11 18:00:27;2024-04-24 09:57:07;False;38;60
2022-12-13 01:58:25;2023-01-07 07:15:32;True;63;6
2020-09-13 04:29:19;2022-04-19 01:30:29;False;76;11
2020-08-18 02:00:09;2024-05-08 16:47:01;False;76;60
2020-12-21 22:26:52;2022-03-28 08:02:01;False;76;26
2021-07-21 04:20:31;2023-02-28 13:33:17;False;90;39
2024-01-05 19:23:26;2024-02-15 20:22:46;True;58;10
2023-01-13 02:27:00;2023-04-28 23:55:59;False;55;22
2021-01-22 17:24:07;2023-04-16 17:14:21;False;34;69
2021-05-05 10:49:23;2021-06-05 08:33:36;False;57;95
2021-06-06 20:57:38;2022-01-29 23:45:34;False;50;19
2023-10-05 00:31:37;2023-10-12 05:11:14;False;83;52
2023-07-26 17:48:03;2024-01-31 21:07:19;False;46;96
2024-04-08 13:19:48;2024-05-18 19:22:02;False;66;80
2020-01-07 07:55:08;2021-05-27 04:00:57;False;62;35
2020-03-22 11:51:45;2023-07-14 11:46:09;False;8;45
2020-10-18 23:58:41;2022-02-03 19:29:11;False;67;63
2022-01-12 16:45:31;2023-08-11 16:08:38;False;33;24
2021-02-27 15:42:19;2022-06-02 18:34:08;False;57;3
2021-02-02 11:38:09;2021-07-16 07:48:59;False;33;77
2020-11-26 13:41:53;2024-02-22 07:57:43;True;52;39
2021-01-01 15:42:36;2023-05-16 17:38:06;False;48;65
2023-01-13 23:35:38;2023-05-13 08:28:19;False;20;61
2023-01-23 20:11:31;2024-03-03 12:35:23;False;46;59
2022-12-06 03:25:35;2023-02-22 05:21:52;False;8;9
2020-10-31 05:59:50;2021-05-15 07:23:49;False;71;33
2020-06-26 06:12:54;2022-01-24 02:13:36;False;9;16
2023-10-11 17:16:44;2024-05-11 09:26:25;False;95;91
2022-05-29 11:08:14;2023-06-25 09:36:46;False;7;29
2020-02-24 07:06:03;2020-10-29 11:19:28;False;90;27
2021-06-16 13:07:39;2022-04-12 20:48:05;False;20;79
2020-08-04 08:07:32;2023-08-23 20:41:44;False;84;18
2020-06-27 09:08:47;2022-10-04 18:13:55;False;24;41
2021-09-18 11:52:39;2023-09-14 08:27:31;False;40;71
2020-05-27 06:09:56;2023-07-21 10:20:26;False;33;96
2022-07-18 00:07:04;2023-12-31 18:54:13;False;16;36
2020-07-02 11:50:29;2023-02-05 23:30:28;False;59;92
2022-01-31 00:18:51;2023-08-12 19:13:19;False;9;99
2023-08-08 01:43:11;2023-10-14 08:36:02;False;40;61
2021-08-29 04:45:45;2022-07-27 20:05:02;False;28;55
2022-02-02 02:30:12;2024-02-14 13:39:46;False;48;82
2022-08-15 05:08:14;2022-10-08 19:35:10;False;12;75
2020-12-06 16:44:22;2023-03-21 08:43:51;False;1;63
2022-10-29 19:47:34;2023-01-07 00:43:25;False;21;18
2021-07-04 06:17:22;2024-03-16 07:06:10;False;29;23
2021-08-12 20:21:23;2023-04-24 17:08:08;False;78;58
2021-02-07 15:14:37;2022-02-17 01:07:43;True;86;65
2023-11-07 21:22:32;2024-01-26 15:14:59;False;32;33
2023-05-27 22:50:15;2023-09-17 08:44:45;False;85;58
2020-06-15 00:01:35;2022-12-01 21:38:13;False;35;62
2020-09-11 14:30:29;2021-02-20 18:45:17;False;73;11
2022-04-27 09:05:53;2024-01-10 13:09:34;False;19;47
2022-01-09 15:04:19;2023-08-10 01:59:30;False;15;67
2020-05-27 02:34:42;2023-04-27 12:43:58;False;20;72
2023-08-24 22:33:44;2024-02-19 01:32:11;False;1;78
2020-07-07 13:30:20;2022-02-18 03:38:17;False;21;43
2023-11-18 23:25:49;2024-02-22 09:19:55;False;39;86
2022-04-10 20:34:47;2024-04-27 11:40:41;False;65;27
2023-06-22 02:21:20;2024-02-19 23:50:57;False;72;77
2023-10-23 17:15:09;2024-02-05 02:13:53;False;13;38
2022-04-03 08:14:02;2022-07-29 00:24:55;True;14;95
2022-01-04 09:10:25;2022-07-05 05:20:28;False;92;26
2022-03-13 06:33:08;2024-01-18 02:28:58;False;1;20
2022-10-30 08:42:15;2023-06-19 22:34:04;False;97;46
2020-01-08 13:43:56;2022-06-14 12:21:08;False;37;75
2022-01-24 14:40:53;2024-01-12 20:59:03;False;58;30
2020-09-09 22:43:20;2021-07-02 14:50:04;False;72;98
2022-08-16 16:55:06;2024-04-09 19:52:47;False;59;5
2021-06-24 04:36:25;2022-02-16 10:46:37;False;73;53
2020-04-12 16:06:47;2020-12-08 20:30:31;False;28;83
2021-03-02 04:12:35;2024-02-03 11:30:44;False;70;12
2021-11-07 08:49:42;2022-09-09 13:18:48;False;61;77
2023-08-02 18:19:48;2023-12-19 14:46:54;False;87;41
2020-12-03 07:29:14;2024-04-08 02:41:52;False;19;75
2020-01-24 18:26:35;2021-11-30 14:20:41;False;61;25
2021-08-08 12:51:53;2022-04-02 18:29:50;False;19;88
2021-10-11 11:36:34;2021-12-23 05:40:27;False;13;88
2020-05-20 15:34:16;2021-03-12 19:38:54;False;18;80
2021-06-09 05:14:57;2021-08-30 23:19:26;False;54;34
2022-06-27 05:44:41;2024-03-31 15:24:40;False;75;32
2023-10-15 11:36:50;2024-05-18 10:18:23;False;2;77
2022-04-30 18:54:27;2022-09-24 17:33:10;False;67;87
2020-09-07 20:33:14;2022-10-27 16:09:19;False;57;98
2022-04-26 08:30:47;2022-05-14 17:01:59;False;59;65
2023-12-28 05:51:37;2024-01-04 14:57:00;False;59;64
2022-08-10 02:08:30;2024-01-17 21:50:54;False;99;52
2020-08-08 21:12:07;2021-07-28 18:47:31;False;4;51
2021-05-03 23:56:29;2023-11-06 13:57:53;False;35;67
2020-05-19 20:58:34;2021-09-24 08:28:25;False;20;1
2022-09-12 04:01:48;2023-11-02 05:45:36;False;24;43
2023-05-18 19:04:21;2023-11-19 09:18:09;False;54;60
2020-02-11 13:19:28;2024-05-09 09:00:20;False;25;7
2024-03-03 11:51:51;2024-03-05 08:41:27;False;19;43
2020-08-24 01:07:29;2020-09-24 05:50:02;True;55;52
2021-07-24 23:07:54;2021-11-18 21:05:52;False;21;65
2024-01-06 23:46:02;2024-04-04 07:05:50;False;19;83
2020-05-09 21:32:21;2022-05-03 18:52:12;True;24;71
2020-08-03 02:07:55;2024-04-10 11:22:05;False;92;73
2022-11-04 12:33:52;2023-05-22 09:36:34;False;81;67
2020-11-04 18:34:25;2023-06-04 01:22:51;False;79;58
2022-09-02 08:07:12;2023-02-24 13:37:17;False;97;44
2020-12-15 18:10:27;2022-04-25 12:42:12;False;3;22
2021-07-03 05:08:47;2024-04-03 16:09:09;False;68;55
2020-05-23 21:57:00;2024-05-13 13:35:54;False;57;24
2021-01-24 21:19:06;2021-04-08 12:34:37;False;49;83
2023-01-03 11:34:27;2024-04-06 20:58:11;True;84;84
2020-05-01 04:17:38;2022-05-22 03:17:03;False;55;99
2022-11-06 09:29:21;2023-09-03 22:13:21;False;45;3
2021-05-12 15:26:22;2023-05-10 08:26:45;False;13;76
2020-10-24 00:19:55;2021-01-19 11:10:56;False;96;50
2024-04-22 17:25:07;2024-05-16 14:02:38;False;68;33
2020-02-20 20:33:59;2021-09-05 23:44:35;False;29;40
2020-06-29 02:06:34;2024-04-16 11:10:33;False;92;26
2023-06-20 22:09:23;2024-01-21 12:42:30;False;19;70
2021-05-10 04:44:30;2023-08-01 18:03:22;True;30;89
2020-02-13 12:09:30;2020-06-10 17:30:31;False;67;33
2022-03-11 07:03:20;2023-03-13 12:25:09;False;81;67
2021-10-18 16:20:31;2022-02-11 03:24:21;True;89;49
2020-05-11 02:44:19;2023-05-11 13:03:05;False;55;74
2023-09-03 06:35:18;2023-10-08 18:01:01;False;80;36
2020-08-30 09:39:07;2022-04-27 16:04:32;False;61;36
2022-07-24 01:02:46;2023-04-10 15:13:24;False;74;52
2021-09-03 15:29:20;2023-12-22 17:16:40;False;52;23
2024-04-27 04:24:03;2024-05-14 05:02:20;False;34;70
2021-07-14 15:43:27;2023-04-11 15:24:22;False;81;13
2020-07-29 13:47:20;2021-06-09 03:47:08;False;84;54
2022-04-01 16:22:24;2023-06-23 23:57:48;False;54;44
2020-04-24 15:26:21;2022-02-22 17:57:10;False;89;81
2023-08-03 07:26:24;2024-01-17 10:32:48;False;6;15
2021-10-17 07:42:04;2023-04-23 07:50:47;False;77;61
2020-04-08 02:03:01;2021-01-29 20:28:42;False;5;66
2023-08-08 11:54:18;2024-01-12 23:22:06;False;93;66
2021-11-20 06:28:07;2022-08-04 17:12:13;False;52;19
2024-03-29 11:16:29;2024-04-13 09:44:32;False;52;8
2022-02-16 04:02:00;2022-08-03 03:00:23;False;23;99
2023-10-30 07:06:15;2024-03-12 08:20:04;False;5;99
2021-11-09 06:42:27;2021-11-20 06:30:02;True;6;51
2024-02-20 01:56:36;2024-04-28 13:12:46;False;33;88
2024-01-23 20:38:45;2024-01-27 21:54:23;False;19;3
2021-10-20 22:41:51;2023-02-22 09:30:01;False;88;25
2020-03-29 15:09:43;2022-09-29 23:23:31;False;77;16
2022-03-01 17:49:22;2023-01-26 01:20:39;False;7;48
2020-09-15 11:15:20;2022-06-13 22:46:12;False;5;99
2022-11-05 15:31:32;2023-10-29 04:34:39;False;25;38
2021-11-15 19:07:20;2023-03-07 21:03:35;False;32;47
2020-04-28 02:41:04;2023-11-14 07:32:39;False;98;68
2020-11-29 14:46:16;2023-11-18 16:44:33;False;25;70
2023-10-22 23:20:33;2023-12-17 05:00:59;False;38;67
2022-11-14 01:33:16;2024-01-04 05:57:45;False;17;91
2021-12-15 08:06:07;2022-07-13 06:54:45;False;3;20
2020-03-05 02:10:47;2024-03-11 21:56:37;False;28;98
2022-03-24 22:29:32;2022-06-15 11:12:36;False;65;9
2021-09-18 12:53:02;2021-10-16 22:17:13;False;71;7
2022-01-23 20:32:14;2024-01-28 04:11:53;True;68;52
2024-04-09 02:01:46;2024-05-11 03:18:56;False;63;99
2023-07-02 16:48:42;2023-08-20 15:25:50;False;77;99
2020-08-07 21:42:08;2023-05-17 03:42:22;False;47;77
2023-10-03 04:11:09;2024-04-22 04:57:24;False;74;47
2021-04-13 18:47:58;2022-04-29 06:40:07;False;20;69
